head0_head0_trans_x,head0_head0_trans_y,head0_head0_ori_y,head0_head0_ori_w,head0_head1_trans_x,head0_head1_trans_z,head0_head1_ori_y,head0_head2_trans_x,head0_head2_ori_x,head0_AU26,Class_P0,ClassP2
0,0,0,1,0.437455563,-0.15696557,-0.205367418,-0.408800316,-0.285576682,0,TRUE,TRUE
0,0,0,1,-0.918670079,0.528745888,0.20227176,-0.403262782,0.043504602,0,TRUE,TRUE
0,0,0,1,-0.908759841,0.547687253,0.212598318,-0.412534223,0.041125795,0,TRUE,TRUE
0,0,0,1,-0.908759841,0.547687253,0.212598318,-0.412534223,0.041125795,,TRUE,TRUE
0,0,0,1,-0.33247825,0.345611199,0.039879876,-1.061278932,-0.098939973,0,TRUE,TRUE
0,0,0,1,-0.384353001,0.21686611,0.017410775,-0.803116211,-0.015019458,,TRUE,TRUE
0,0,0,1,-0.384353001,0.21686611,0.017410775,-0.803116211,-0.015019458,,TRUE,TRUE
0,0,0,1,0.968457057,0.169623088,-0.246060235,0.642247272,-0.040248927,0,TRUE,TRUE
0,0,0,1,1.065348017,0.270835202,-0.495713704,0.692682266,-0.044050716,0,TRUE,FALSE
0,0,0,1,0.963563764,0.173688397,-0.405959561,0.621915695,0.014802061,1,TRUE,FALSE
0,0,0,1,0.808277184,0.596667652,-0.430433394,0.512259711,0.017793258,0,TRUE,FALSE
0,0,0,1,0.690933318,0.664184256,-0.478430582,0.514296722,0.100215724,0,TRUE,FALSE
0,0,0,1,1.096548865,0.235199759,-0.500471702,0.46219782,-0.015780577,0,TRUE,TRUE
0,0,0,1,0.878003117,0.485986196,-0.337048395,0.485926485,0.026895754,0,TRUE,TRUE
0,0,0,1,0.960202282,-0.078996635,-0.246842183,0.544533197,0.107776512,0,TRUE,TRUE
0,0,0,1,0.89575056,0.326816055,-0.502727451,0.554765328,-0.061807519,0,TRUE,TRUE
0,0,0,1,0.882195954,0.34091994,-0.507336702,0.549804704,-0.019974406,0,TRUE,TRUE
0,0,0,1,0.850512764,0.376439958,-0.345913027,0.460510173,0.019418113,0,TRUE,TRUE
0,0,0,1,0.976984403,0.182673097,-0.304109095,0.472815718,0.027157415,0,TRUE,TRUE
0,0,0,1,0.976984403,0.182673097,-0.304109095,0.472815718,0.027157415,0,TRUE,TRUE
0,0,0,1,0.976984403,0.182673097,-0.304109095,0.472815718,0.027157415,0,TRUE,TRUE
0,0,0,1,0.629886963,-0.093825764,-0.359036218,0.807201267,-0.006090303,0,TRUE,FALSE
0,0,0,1,0.65490845,-0.127937302,-0.371956761,0.825264543,-0.107142234,0,TRUE,FALSE
0,0,0,1,0.660390908,-0.068152593,-0.416169637,0.532914594,0.133879638,0,TRUE,FALSE
0,0,0,1,0.361366231,0.224072144,-0.24536285,0.722276388,-0.049152056,1,TRUE,FALSE
0,0,0,1,0.560659161,0.041798302,-0.316867093,0.932953779,-0.03095236,0,TRUE,FALSE
0,0,0,1,0.529297765,0.116330898,-0.344843048,0.875821266,-0.076773783,0,TRUE,FALSE
0,0,0,1,0.636459819,-0.011644431,-0.315812125,0.875821266,-0.076773783,0,TRUE,FALSE
0,0,0,1,0.473883842,-0.028783752,0.157989504,1.017838798,-0.194867352,0,TRUE,TRUE
0,0,0,1,0.45940522,0.224018497,0.250110569,1.011783388,-0.126560595,0,TRUE,TRUE
0,0,0,1,0.852366842,0.394305371,-0.237235944,0.371108037,0.131500924,0,TRUE,TRUE
0,0,0,1,0.2663625,0.17997062,-0.364291761,-0.030298247,0.491914412,0,FALSE,TRUE
0,0,0,1,0.296319252,0.329086587,-0.367459776,0.061313695,0.4646771,0,FALSE,TRUE
0,0,0,1,0.531516101,-0.042317641,-0.150211881,1.066999641,-0.29114522,0,FALSE,TRUE
0,0,0,1,0.560991141,0.224380351,-0.192861687,1.050885488,-0.361892593,0,FALSE,TRUE
0,0,0,1,0.540840702,0.209027405,-0.247269989,1.050885488,-0.361892593,0,FALSE,TRUE
0,0,0,1,0.540840702,0.209027405,-0.247269989,1.050885488,-0.361892593,1,FALSE,TRUE
0,0,0,1,0.540840702,0.209027405,-0.247269989,1.050885488,-0.361892593,1,TRUE,TRUE
0,0,0,1,0.743459449,1.089867759,-0.438558522,0.223411713,0.088055799,0,FALSE,TRUE
0,0,0,1,0.743459449,1.089867759,-0.438558522,0.223411713,0.088055799,0,FALSE,TRUE
0,0,0,1,0.968102983,-0.123482095,-0.219068512,0.430093313,-0.022604695,0,FALSE,TRUE
0,0,0,1,0.99440436,-0.010556099,-0.201630421,0.449679628,-0.001154192,1,FALSE,TRUE
0,0,0,1,1.026580295,-0.019097467,-0.200032027,0.467438466,0.102456904,0,TRUE,TRUE
0,0,0,1,1.026580295,-0.019097467,-0.200032027,0.405403659,0.302647482,0,FALSE,TRUE
0,0,0,1,1.026580295,-0.019097467,-0.200032027,0.383610544,0.291667704,,FALSE,TRUE
0,0,0,1,-0.901217685,-1.048797456,0.030723572,-0.444948293,0.013572616,0,FALSE,TRUE
0,0,0,1,-0.417434518,0.201831402,0.259727237,0.454275134,0.159971256,0,FALSE,TRUE
0,0,0,1,-0.401934515,0.203909665,0.263512825,0.39116992,0.272281099,0,TRUE,TRUE
0,0,0,1,-0.168063513,0.432016754,0.52875291,0.28159165,0.435041888,0,FALSE,TRUE
0,0,0,1,-0.216013625,0.384286881,0.644678927,-0.004290402,0.314214386,0,FALSE,TRUE
0,0,0,1,-0.481472526,0.049149899,0.280938803,-0.004290402,0.314214386,0,FALSE,TRUE
0,0,0,1,-0.496146398,-0.035164401,0.245044087,0.359020286,-0.098054877,0,FALSE,TRUE
0,0,0,1,-0.395553226,-0.442136772,-0.005775244,0.713009443,-0.270896947,0,FALSE,TRUE
0,0,0,1,-0.47166492,0.032579823,0.405121573,0.60800377,0.115406239,0,FALSE,TRUE
0,0,0,1,-0.460701768,0.043190892,0.370882843,0.61241061,0.126193599,0,FALSE,TRUE
0,0,0,1,-0.493991797,-0.061856586,0.288850338,0.629880596,0.066209214,0,FALSE,TRUE
0,0,0,1,-0.465013149,0.031426302,0.337942098,0.631673302,0.120832559,0,FALSE,TRUE
0,0,0,1,-0.97994368,0.220393653,0.229868862,-0.462349478,-0.046675811,1,FALSE,TRUE
0,0,0,1,-0.904518107,0.182065344,0.085823323,-0.427293799,-0.195005702,0,FALSE,TRUE
0,0,0,1,-0.903144148,-0.067178644,0.077824429,-0.413030614,-0.195294211,0,FALSE,FALSE
0,0,0,1,-0.903144148,-0.067178644,0.077824429,-0.413030614,-0.195294211,0,FALSE,FALSE
0,0,0,1,-0.983582517,0.481706317,0.20333689,-0.535798083,-0.001602399,0,FALSE,FALSE
0,0,0,1,-1.108659673,0.703797681,0.144905161,-0.588088485,-0.032326049,0,FALSE,TRUE
0,0,0,1,-0.809979919,0.486665524,0.230097969,-0.534777778,-0.108120317,0,FALSE,TRUE
0,0,0,1,-1.028263732,0.240008587,0.250266247,-0.606415652,0.061053336,0,FALSE,FALSE
0,0,0,1,-0.996330651,0.305944342,0.277132526,-0.60764669,-0.028597427,0,FALSE,FALSE
0,0,0,1,-1.056013218,0.246539381,0.212254176,-0.604840064,-0.03414633,0,FALSE,FALSE
0,0,0,1,-1.078275789,0.204995474,0.239464757,-0.593414076,-0.026723385,0,FALSE,FALSE
0,0,0,1,-1.32376074,0.066728188,0.180659715,-0.261041637,-0.141606682,0,FALSE,FALSE
0,0,0,1,-1.116986162,0.120225681,0.318592415,-0.480747036,0.045754239,0,FALSE,TRUE
0,0,0,1,-1.1213872,0.11861144,0.313483256,-0.480901428,0.060510457,0,FALSE,TRUE
0,0,0,1,-0.9087721,0.512191205,0.318467395,-0.472258691,0.144227785,0,FALSE,TRUE
0,0,0,1,-0.929174452,0.500339266,0.315260616,-0.474023498,0.12536939,0,FALSE,TRUE
0,0,0,1,-0.971546222,0.408305886,0.299716228,-0.480450595,0.250928679,1,FALSE,TRUE
0,0,0,1,-0.971546222,0.408305886,0.299716228,-0.466610937,0.362803571,0,FALSE,TRUE
0,0,0,1,-0.971546222,0.408305886,0.299716228,-0.367270329,0.477189912,0,FALSE,TRUE
0,0,0,1,-0.971546222,0.408305886,0.299716228,-0.403241102,0.502692097,0,FALSE,FALSE
0,0,0,1,-1.224315221,0.144495757,0.370202541,-0.555001624,0.192215943,0,FALSE,FALSE
0,0,0,1,-1.206100292,0.20838708,0.396055637,-0.534660221,0.081978105,0,FALSE,FALSE
0,0,0,1,-1.205529796,0.200458116,0.413690189,-0.493055791,0.066082219,0,FALSE,FALSE
0,0,0,1,-1.141796939,0.272433467,0.429314698,-0.466119663,0.116250791,0,FALSE,TRUE
0,0,0,1,-0.772890926,0.829255921,0.42502197,-0.471870763,0.113928589,0,FALSE,TRUE
0,0,0,1,-0.793621981,0.798360869,0.390612401,-0.484722911,0.116933709,0,FALSE,TRUE
0,0,0,1,-1.180688654,0.275569612,0.266047423,-0.476546274,0.096111429,0,FALSE,TRUE
0,0,0,1,-1.192910317,0.239162822,0.248219195,-0.492392245,0.113036642,0,FALSE,TRUE
0,0,0,1,-1.205301698,0.121375658,0.174150202,-0.51083119,0.167237554,0,FALSE,TRUE
0,0,0,1,-1.226530533,0.008893756,0.161863109,-0.537192074,0.199682699,0,FALSE,TRUE
0,0,0,1,-1.224692557,-0.011897829,0.153380785,-0.540782592,0.209551764,0,FALSE,TRUE
0,0,0,1,-1.223229714,-0.058875416,0.139526124,-0.545384809,0.222036873,0,FALSE,TRUE
0,0,0,1,-1.227289958,-0.125091707,0.110032987,-0.548937688,0.23421831,0,FALSE,TRUE
0,0,0,1,-1.227289958,-0.125091707,0.110032987,-0.548937688,0.23421831,0,FALSE,TRUE
0,0,0,1,-1.203984293,0.076272909,0.159955486,-0.54889645,0.238958714,0,FALSE,TRUE
0,0,0,1,-1.097119737,-0.451647841,0.100093131,-0.511244619,0.346152013,0,FALSE,TRUE
0,0,0,1,-1.097119737,-0.451647841,0.100093131,-0.511244619,0.346152013,0,FALSE,TRUE
0,0,0,1,-1.097119737,-0.451647841,0.100093131,-0.511244619,0.346152013,0,FALSE,FALSE
0,0,0,1,-1.159203373,0.127532534,0.391757268,-0.502454245,0.003216123,1,FALSE,FALSE
0,0,0,1,-1.183209225,0.1094548,0.235976469,-0.48614164,-0.03131118,1,FALSE,FALSE
0,0,0,1,-1.219403728,0.121796485,0.241495994,-0.520282363,-0.047656557,0,FALSE,FALSE
0,0,0,1,-1.198131777,-0.152553443,0.210564153,-0.475887362,0.069485848,0,FALSE,FALSE
0,0,0,1,-1.198131777,-0.152553443,0.210564153,-0.475887362,0.069485848,0,FALSE,FALSE
0,0,0,1,-1.158628096,0.171131809,0.54870709,-0.44297444,0.036202094,0,FALSE,FALSE
0,0,0,1,-1.286298719,-0.028734838,0.322289589,-0.459830228,0.175704254,1,FALSE,FALSE
0,0,0,1,-1.120461355,0.20058837,0.227829574,-0.436274963,0.20858401,1,FALSE,FALSE
0,0,0,1,-1.130349937,0.161157199,0.196182414,-0.366946582,0.474268164,0,FALSE,FALSE
0,0,0,1,-1.133439149,0.147871455,0.191442971,-0.366946582,0.474268164,0,FALSE,FALSE
0,0,0,1,-1.100641563,0.182229754,0.188256646,-0.366946582,0.474268164,0,FALSE,FALSE
0,0,0,1,-1.108626239,0.117449215,0.185513929,-0.408017967,0.3801809,0,FALSE,FALSE
0,0,0,1,-1.154764136,0.299779662,0.402270786,-1.014938067,-0.035901848,0,TRUE,FALSE
0,0,0,1,-1.113360214,0.272936969,0.333494146,-0.585173557,-0.125414919,0,TRUE,FALSE
0,0,0,1,-1.141017169,0.136196269,0.251903238,-0.557935983,-0.16877872,0,TRUE,FALSE
0,0,0,1,-1.141017169,0.136196269,0.251903238,-0.557935983,-0.16877872,0,TRUE,FALSE
0,0,0,1,-1.141017169,0.136196269,0.251903238,-0.557935983,-0.16877872,0,TRUE,FALSE
0,0,0,1,-0.613291673,-0.069593151,0.094599085,0.512648485,-0.165783007,0,TRUE,FALSE
0,0,0,1,-0.649100786,-0.168269225,0.097693856,0.499839481,-0.062752613,0,TRUE,FALSE
0,0,0,1,-0.641734737,-0.183508809,0.07544173,0.498362485,-0.057871571,0,TRUE,FALSE
0,0,0,1,-0.642417882,-0.181533119,0.084184034,0.503295135,-0.042104171,0,TRUE,FALSE
0,0,0,1,-0.624667223,-0.109001134,0.080231231,0.506359113,-0.023094328,0,TRUE,FALSE
0,0,0,1,-0.639963446,-0.139636665,0.084476954,0.512292045,0.061998569,0,TRUE,FALSE
0,0,0,1,-0.646332577,-0.178631156,0.077006416,0.505770388,0.061534472,0,TRUE,FALSE
0,0,0,1,-0.642448775,-0.166940401,0.084163528,0.509435348,0.045008195,0,TRUE,FALSE
0,0,0,1,-0.618225959,-0.118309201,0.036286248,0.512774284,-0.0501924,0,TRUE,FALSE
0,0,0,1,-0.50008156,0.23408992,0.315282528,0.611301189,0.160441033,0,TRUE,FALSE
0,0,0,1,-0.414631503,0.468731688,0.259033133,0.607667244,-0.131445296,0,TRUE,FALSE
0,0,0,1,-0.543927574,0.123585571,0.320399462,0.624756079,0.1939899,0,TRUE,FALSE
0,0,0,1,-0.429081876,0.350585855,0.501177962,0.735823797,0.289072501,0,TRUE,FALSE
0,0,0,1,-0.683088008,-0.104177584,0.104967843,0.479512615,0.069197441,0,TRUE,FALSE
0,0,0,1,-0.689352054,-0.153607127,0.059346836,0.571678284,-0.175115715,0,TRUE,FALSE
0,0,0,1,-0.619888157,0.01174988,0.071664032,0.581689795,-0.178854277,0,TRUE,FALSE
0,0,0,1,-0.614004183,0.009100664,0.136445546,0.585237033,-0.122195618,0,TRUE,FALSE
0,0,0,1,-0.762004658,-0.290359273,0.259764359,0.568912237,-0.126371959,0,TRUE,FALSE
0,0,0,1,-0.653939561,0.001490142,0.427546084,0.56132741,-0.081763653,1,TRUE,FALSE
0,0,0,1,-0.684597079,-0.121206101,0.372469662,0.56132741,-0.081763653,0,TRUE,FALSE
0,0,0,1,-0.684597079,-0.121206101,0.372469662,0.56132741,-0.081763653,0,TRUE,FALSE
0,0,0,1,-1.217225208,0.006270584,0.614744424,-0.466077403,0.103709452,0,TRUE,FALSE
0,0,0,1,-1.153364457,0.366278479,0.503559288,-0.525127193,0.19142821,0,TRUE,FALSE
0,0,0,1,-1.151596655,0.20703117,0.384755086,-0.470193947,0.116104111,0,TRUE,FALSE
0,0,0,1,-1.198505442,0.096166187,0.365147221,-0.456213627,0.105343074,0,FALSE,FALSE
0,0,0,1,-1.069406336,-0.068316855,0.304896815,-0.439710532,0.486233185,0,FALSE,FALSE
0,0,0,1,-1.134402649,0.344729473,0.435952847,-0.496885259,-0.073162302,0,FALSE,FALSE
0,0,0,1,-1.180499103,0.239652866,0.449864095,-0.496885259,-0.073162302,0,FALSE,FALSE
0,0,0,1,-1.180499103,0.239652866,0.449864095,-0.496885259,-0.073162302,0,FALSE,FALSE
0,0,0,1,-1.121548178,0.176405302,0.503304936,-0.577374171,-0.086128063,0,FALSE,FALSE
0,0,0,1,-0.953706803,-0.684765904,0.083711588,-0.318861518,-0.255785777,0,TRUE,FALSE
0,0,0,1,-0.953706803,-0.684765904,0.083711588,-0.318861518,-0.255785777,0,TRUE,FALSE
0,0,0,1,-0.953706803,-0.684765904,0.083711588,-0.318861518,-0.255785777,0,TRUE,FALSE
0,0,0,1,-1.173976205,0.320465465,0.402169156,-0.273300972,-0.145542913,0,TRUE,FALSE
0,0,0,1,-1.173976205,0.320465465,0.402169156,-0.273300972,-0.145542913,0,TRUE,FALSE
0,0,0,1,-0.99960713,0.485945664,0.375130737,0.193544907,-0.301061037,0,TRUE,FALSE
0,0,0,1,-0.99960713,0.485945664,0.375130737,0.193544907,-0.301061037,0,TRUE,FALSE
0,0,0,1,-0.610690752,0.04460104,0.037703159,0.325975623,-0.085924193,0,TRUE,FALSE
0,0,0,1,-0.533470068,0.175296276,0.096020763,0.363112398,-0.096309239,0,TRUE,FALSE
0,0,0,1,-0.623444857,0.103075884,0.283367826,0.24910019,-0.081530435,0,TRUE,FALSE
0,0,0,1,-0.569769685,0.19247689,0.257094908,0.24910019,-0.081530435,0,TRUE,FALSE
0,0,0,1,-0.507262755,0.299764348,0.371296171,0.325529214,0.230740649,0,TRUE,FALSE
0,0,0,1,-0.787055482,0.070356571,0.333849928,0.211904428,-0.016628238,0,TRUE,FALSE
0,0,0,1,-0.583459372,0.094757482,0.300206674,0.470640908,-0.00608769,0,TRUE,FALSE
0,0,0,1,-0.574429092,0.142047674,0.253143047,0.555956358,-0.03478889,0,TRUE,FALSE
0,0,0,1,-0.608701916,-0.045238438,0.364042882,0.56524617,0.068524219,0,TRUE,FALSE
0,0,0,1,-0.617308723,-0.055851017,0.402257376,0.552683918,0.100197458,0,TRUE,FALSE
0,0,0,1,-0.625990047,0.030731799,0.393098802,0.606752589,0.218941486,0,TRUE,FALSE
0,0,0,1,-0.658791629,0.001566111,0.244081939,0.419263695,-0.054821738,0,TRUE,FALSE
0,0,0,1,-0.539955296,-0.405761405,-0.065435787,0.671493494,-0.065067,0,TRUE,FALSE
0,0,0,1,-0.566675835,0.104043129,0.359581095,0.669416754,-0.032346819,0,TRUE,FALSE
0,0,0,1,-0.526980005,0.403571381,0.3981182,0.936625997,-0.012056854,0,TRUE,FALSE
0,0,0,1,-1.031780096,-0.082818509,0.569654427,0.879278381,0.211139668,0,FALSE,FALSE
0,0,0,1,-1.031780096,-0.082818509,0.569654427,0.867975443,0.258821863,0,,FALSE
0,0,0,1,-1.031780096,-0.082818509,0.569654427,0.972597257,0.275010395,,TRUE,FALSE
0,0,0,1,0.612129875,0.296055089,-0.021663622,1.285674639,0.326184468,0,TRUE,TRUE
0,0,0,1,0.559801727,0.251668214,-0.336098994,0.937504556,0.004572166,0,TRUE,TRUE
0,0,0,1,0.608563015,0.067127187,-0.311935953,1.083088183,0.161869584,0,TRUE,TRUE
0,0,0,1,0.578051522,0.17383369,-0.08466176,1.103618426,0.095523688,0,TRUE,TRUE
0,0,0,1,0.578051522,0.17383369,-0.08466176,1.103618426,0.095523688,0,TRUE,TRUE
0,0,0,1,0.578051522,0.17383369,-0.08466176,1.103618426,0.095523688,0,TRUE,TRUE
0,0,0,1,0.578051522,0.17383369,-0.08466176,1.103618426,0.095523688,0,TRUE,TRUE
0,0,0,1,0.578051522,0.17383369,-0.08466176,1.103618426,0.095523688,0,TRUE,TRUE
0,0,0,1,0.578051522,0.17383369,-0.08466176,1.103618426,0.095523688,0,TRUE,TRUE
0,0,0,1,-0.561579818,0.222797787,0.129647254,0.016447865,0.586471917,0,FALSE,TRUE
0,0,0,1,-0.640369747,0.12958879,0.022296246,-0.125185756,0.522927337,0,FALSE,TRUE
0,0,0,1,0.575889768,0.368977745,-0.167768811,1.218087372,-0.16771196,0,FALSE,TRUE
0,0,0,1,0.555002855,0.40248777,-0.172234775,1.161318865,-0.213816295,0,FALSE,TRUE
0,0,0,1,0.569850319,0.183890142,-0.094622349,1.194989817,-0.253893837,0,FALSE,TRUE
0,0,0,1,0.56086185,0.117607453,-0.082527669,1.23117952,-0.216118225,0,FALSE,TRUE
0,0,0,1,0.634812954,0.290236195,0.110489247,1.270747911,-0.189345255,1,FALSE,TRUE
0,0,0,1,0.610335494,0.220873535,0.086034312,1.357665819,-0.118707192,1,FALSE,TRUE
0,0,0,1,0.641525425,-0.176810798,0.042014729,1.491559291,0.020608403,1,FALSE,TRUE
0,0,0,1,0.422016961,0.357903541,-0.333257045,1.605060367,0.069161118,0,FALSE,FALSE
0,0,0,1,0.524757416,0.457547176,-0.258060856,0.99144679,-0.128921663,0,FALSE,FALSE
0,0,0,1,0.557584676,0.345780731,-0.208864026,1.057444526,-0.019061951,0,FALSE,FALSE
0,0,0,1,0.524854249,0.38382876,-0.321462415,1.057444526,-0.019061951,0,FALSE,FALSE
0,0,0,1,0.794705097,0.68291193,-0.11500428,0.545450495,-0.024359704,0,TRUE,FALSE
0,0,0,1,0.794705097,0.68291193,-0.11500428,0.674185291,-0.108043688,1,TRUE,FALSE
0,0,0,1,0.794705097,0.68291193,-0.11500428,0.568422917,-0.183857662,0,TRUE,FALSE
0,0,0,1,0.794705097,0.68291193,-0.11500428,0.568422917,-0.183857662,0,TRUE,FALSE
0,0,0,1,0.794705097,0.68291193,-0.11500428,0.568422917,-0.183857662,,TRUE,FALSE
0,0,0,1,-0.629111885,-0.164933163,-0.031712612,0.608161802,0.12008992,1,FALSE,FALSE
0,0,0,1,-0.597261351,-0.064792043,-0.02041913,0.600369838,0.077593283,0,FALSE,FALSE
0,0,0,1,-0.597316634,-0.113940185,0.153563829,0.613530626,-0.017203668,0,FALSE,FALSE
0,0,0,1,-0.530561664,0.072592735,0.480046481,0.527459037,-0.050644963,0,FALSE,FALSE
0,0,0,1,-0.528218444,-0.003539739,0.302210377,0.511749827,-0.026058795,0,FALSE,FALSE
0,0,0,1,-0.528218444,-0.003539739,0.302210377,0.527855634,-0.033284777,0,FALSE,FALSE
0,0,0,1,-0.58838232,0.014780164,0.111057882,0.517482672,-0.035582594,0,FALSE,FALSE
0,0,0,1,-0.417241662,0.341662658,0.290686449,0.495645116,-0.087864744,1,FALSE,FALSE
0,0,0,1,-0.50289098,0.298270709,0.300472956,0.558103495,0.282142695,0,FALSE,FALSE
0,0,0,1,-0.50289098,0.298270709,0.300472956,0.558103495,0.282142695,0,FALSE,FALSE
0,0,0,1,0.389167301,0.350454605,-0.122276622,-0.554910301,-0.260346487,0,FALSE,FALSE
0,0,0,1,0.499763735,0.210303631,0.082815809,-0.742963791,0.031198724,0,FALSE,FALSE
0,0,0,1,-0.566012855,0.012836643,0.281438512,-0.774137046,-0.004024599,0,FALSE,FALSE
0,0,0,1,-0.594405864,0.080232597,0.222822892,-0.774137046,-0.004024599,0,FALSE,FALSE
0,0,0,1,-0.64527742,-0.068512129,0.21668005,0.568552335,0.034304421,0,FALSE,FALSE
0,0,0,1,-0.486517226,0.246894276,0.330763853,0.514646211,-0.013595514,0,TRUE,FALSE
0,0,0,1,-0.534973571,0.063234347,0.307211607,0.460021714,-0.143344999,0,TRUE,FALSE
0,0,0,1,-0.65692179,0.076638988,0.189880509,0.493130666,0.067081565,0,FALSE,FALSE
0,0,0,1,-0.631507462,-0.45952056,0.153989734,0.493130666,0.067081565,1,FALSE,FALSE
0,0,0,1,-0.582226574,-0.456755341,0.13381685,0.493130666,0.067081565,0,FALSE,FALSE
0,0,0,1,-0.482574442,-0.450794973,0.131259119,0.493130666,0.067081565,0,FALSE,FALSE
0,0,0,1,-0.553669819,-0.250490608,0.201709965,0.493130666,0.067081565,0,FALSE,FALSE
0,0,0,1,-0.59059611,-0.237224817,0.134328543,0.493130666,0.067081565,0,FALSE,FALSE
0,0,0,1,-0.615730484,-0.157748283,0.141658859,0.493130666,0.067081565,0,FALSE,FALSE
0,0,0,1,-0.630538276,-0.300509124,0.304192322,0.493130666,0.067081565,0,FALSE,FALSE
0,0,0,1,-0.630538276,-0.300509124,0.304192322,0.493130666,0.067081565,0,FALSE,FALSE
0,0,0,1,-0.636233211,-0.02018,0.373350486,0.493130666,0.067081565,0,FALSE,FALSE
0,0,0,1,-0.59937165,0.013644894,0.387509757,0.493130666,0.067081565,0,FALSE,FALSE
0,0,0,1,-0.708256262,-0.186869038,0.39338549,0.493130666,0.067081565,0,FALSE,FALSE
0,0,0,1,-0.70729025,-0.151654782,0.356432246,0.493130666,0.067081565,0,FALSE,FALSE
0,0,0,1,-0.76602415,-0.337798611,0.284857168,0.40054417,0.002812857,1,FALSE,FALSE
0,0,0,1,-0.844667397,-0.190754144,0.53712495,-0.051008878,0.067406673,0,FALSE,FALSE
0,0,0,1,-0.755704932,-0.374409972,0.450480016,0.174683729,-0.043399657,0,FALSE,FALSE
0,0,0,1,-0.755704932,-0.374409972,0.450480016,0.174683729,-0.043399657,0,FALSE,FALSE
0,0,0,1,-0.646215398,-0.006716016,0.193272743,0.331367969,0.211318559,1,FALSE,FALSE
0,0,0,1,-0.638391993,-0.120949975,0.409838093,0.458145515,0.150598166,0,FALSE,FALSE
0,0,0,1,-0.601302832,0.064486851,0.23232564,0.377043474,0.105070334,0,FALSE,FALSE
0,0,0,1,-0.610858428,0.154868103,0.213002209,0.327443922,0.048368082,0,FALSE,FALSE
0,0,0,1,-0.655367279,-0.219175892,-0.087340495,0.519432989,-0.113713671,0,FALSE,FALSE
0,0,0,1,-0.644037428,-0.13238554,-0.09534318,0.323380766,-0.255467906,0,FALSE,FALSE
0,0,0,1,-0.644037428,-0.13238554,-0.09534318,0.323380766,-0.255467906,1,FALSE,FALSE
0,0,0,1,-0.537485234,-0.386614312,0.006168054,0.435566513,-0.296367189,0,FALSE,FALSE
0,0,0,1,-0.526886518,-0.226119169,0.111070906,0.435566513,-0.296367189,0,FALSE,FALSE
0,0,0,1,-0.526886518,-0.226119169,0.111070906,0.435566513,-0.296367189,,FALSE,FALSE
0,0,0,1,-1.210221864,0.036067714,0.416720091,-0.749012011,0.02407766,0,FALSE,FALSE
0,0,0,1,-1.19947904,-0.214118996,0.305179276,-0.575003551,-0.064010577,0,FALSE,FALSE
0,0,0,1,-1.21942117,-0.068469973,0.477038023,-0.638939044,0.084377935,0,FALSE,FALSE
0,0,0,1,-0.896160995,0.549736235,0.366714391,-0.247430484,-0.175654301,0,FALSE,FALSE
0,0,0,1,0.611028153,0.31276081,-0.173798745,0.620013865,-0.009704983,0,FALSE,FALSE
0,0,0,1,0.360298834,0.62913204,-0.395269356,0.496994724,-0.062459501,0,FALSE,FALSE
0,0,0,1,0.368829742,0.623253665,-0.42843546,0.571686408,-0.062859344,0,FALSE,FALSE
0,0,0,1,0.381217116,0.606228431,-0.431118138,0.505276732,0.043299762,0,FALSE,FALSE
0,0,0,1,0.440277466,0.545289192,-0.493026117,0.49982277,-0.118703255,0,FALSE,FALSE
0,0,0,1,0.440277466,0.545289192,-0.493026117,0.951678936,-0.154393586,1,FALSE,FALSE
0,0,0,1,0.440277466,0.545289192,-0.493026117,0.988360268,-0.17913675,0,FALSE,FALSE
0,0,0,1,0.440277466,0.545289192,-0.493026117,1.145157366,-0.197644526,0,FALSE,FALSE
0,0,0,1,0.440277466,0.545289192,-0.493026117,1.175406608,-0.148218379,0,FALSE,FALSE
0,0,0,1,0.440277466,0.545289192,-0.493026117,1.219528334,-0.061906816,0,FALSE,FALSE
0,0,0,1,0.440277466,0.545289192,-0.493026117,1.221994014,-0.070014316,0,FALSE,FALSE
0,0,0,1,0.690143357,0.336661666,-0.068281501,1.212293329,-0.080698899,0,FALSE,FALSE
0,0,0,1,0.687544489,0.402082916,-0.097682913,1.222579218,-0.007948968,0,FALSE,FALSE
0,0,0,1,0.670844323,0.063771,0.012439456,1.206748099,-0.045690822,0,FALSE,FALSE
0,0,0,1,0.599465008,-0.088724049,-0.065430529,1.185817724,0.028412351,0,FALSE,FALSE
0,0,0,1,0.665895172,0.13907889,-0.119380348,1.219673835,-0.018320649,0,FALSE,FALSE
0,0,0,1,0.552974752,0.385797502,-0.298403589,1.01792594,-0.046599379,0,FALSE,FALSE
0,0,0,1,0.552974752,0.385797502,-0.298403589,1.01792594,-0.046599379,0,FALSE,FALSE
0,0,0,1,0.562379283,0.320995033,-0.336917612,0.96746302,-0.016342534,0,FALSE,FALSE
0,0,0,1,0.701330759,-0.074933176,-0.136061685,0.830572671,0.117977506,1,FALSE,FALSE
0,0,0,1,0.663176878,-0.231095196,-0.092172947,0.607445162,0.35120624,0,FALSE,FALSE
0,0,0,1,-1.217232537,0.583042741,0.411686062,-0.626719751,0.112674385,0,FALSE,FALSE
0,0,0,1,-1.195491347,0.566395249,0.411342031,-0.809451453,0.141866614,0,FALSE,FALSE
0,0,0,1,-0.401444837,0.41345945,0.230279157,-0.988570276,0.101671065,0,FALSE,FALSE
0,0,0,1,-0.411510827,0.368177791,0.335787227,-0.891464792,0.259209426,0,FALSE,FALSE
0,0,0,1,-0.351537409,0.368415195,0.383423202,-0.763535137,0.387499076,0,FALSE,FALSE
0,0,0,1,-0.409849866,0.307762551,0.23188494,-0.882000299,0.404821055,0,FALSE,FALSE
0,0,0,1,-0.54214713,0.223121674,0.316353843,-1.015887672,0.268413719,0,FALSE,FALSE
0,0,0,1,-0.555119823,0.21659616,0.334276351,-0.947810701,0.348849412,0,FALSE,FALSE
0,0,0,1,-0.435469685,0.344738169,0.32674046,-0.896200063,0.257538494,0,FALSE,FALSE
0,0,0,1,-0.378707072,0.303578523,0.307012129,-0.79748632,0.037093581,0,FALSE,FALSE
0,0,0,1,-0.48931925,0.276859176,0.382660684,-1.09650766,0.007293009,0,FALSE,FALSE
0,0,0,1,-0.625408848,0.080214722,0.275676678,-1.284381836,-0.130471133,0,FALSE,FALSE
0,0,0,1,-0.365869109,0.397679775,0.180041956,-0.902653174,-0.018000877,0,FALSE,FALSE
0,0,0,1,-0.484030292,0.150006517,0.299237564,-1.04486284,-0.146577404,0,FALSE,FALSE
0,0,0,1,-0.678783703,-0.022740346,-0.076000174,-1.067537644,-0.358235062,0,FALSE,FALSE
0,0,0,1,-0.547839153,0.015835515,0.082467497,-1.188403788,-0.179642455,0,FALSE,FALSE
0,0,0,1,-0.547809334,-0.017023097,0.015137181,-1.204206251,-0.182466053,0,FALSE,FALSE
0,0,0,1,-0.547809334,-0.017023097,0.015137181,-1.204206251,-0.182466053,0,FALSE,FALSE
0,0,0,1,-0.549896453,-0.059489628,-0.100337218,-1.173263309,-0.194223698,0,FALSE,FALSE
0,0,0,1,-0.511782951,0.181287139,0.055843556,-1.06967216,-0.064890001,0,FALSE,FALSE
0,0,0,1,-0.511782951,0.181287139,0.055843556,-1.06967216,-0.064890001,0,FALSE,FALSE
0,0,0,1,-0.578755881,0.084723913,0.087209334,-1.097163133,-0.066461825,0,FALSE,FALSE
0,0,0,1,-0.53684402,-0.010889922,0.277088744,-1.185861779,0.030765913,0,FALSE,FALSE
0,0,0,1,-0.599245045,-0.139062023,0.200152169,-1.170826954,0.0243276,1,FALSE,FALSE
0,0,0,1,-0.341265708,0.313576464,0.33093218,-0.91515956,-0.06022968,0,FALSE,FALSE
0,0,0,1,-0.386256746,0.244174181,0.374457594,-0.98878606,-0.169829833,0,TRUE,FALSE
0,0,0,1,-0.386256746,0.244174181,0.374457594,-0.924417285,-0.098510336,0,TRUE,FALSE
0,0,0,1,-0.386256746,0.244174181,0.374457594,-0.924417285,-0.098510336,0,TRUE,FALSE
0,0,0,1,-0.666711277,-0.117161187,0.049774145,0.858492302,-0.176264235,0,TRUE,FALSE
0,0,0,1,-0.618172949,0.272328682,0.248490645,0.82708445,-0.349262698,0,TRUE,FALSE
0,0,0,1,-0.625091712,0.255807616,0.225960991,0.82708445,-0.349262698,0,TRUE,FALSE
0,0,0,1,-0.625091712,0.255807616,0.225960991,0.82708445,-0.349262698,0,TRUE,FALSE
0,0,0,1,0.597256533,0.377661198,-0.195006729,-0.613524213,-0.141146991,0,TRUE,FALSE
0,0,0,1,0.636643865,0.107111253,-0.198466847,-0.649883076,-0.080545978,0,TRUE,FALSE
0,0,0,1,0.635984442,0.041276684,-0.133762914,-0.62987299,0.094624465,0,TRUE,FALSE
0,0,0,1,0.631562775,0.063925038,0.054400609,-0.614819521,0.020559724,0,TRUE,FALSE
0,0,0,1,0.542221047,0.290610365,-0.230978424,-0.526950097,-0.049301014,0,TRUE,FALSE
0,0,0,1,0.549467455,0.002700611,-0.268956313,-0.652332008,-0.039727454,0,TRUE,FALSE
0,0,0,1,0.549467455,0.002700611,-0.268956313,-0.652332008,-0.039727454,0,TRUE,FALSE
0,0,0,1,0.538012587,-0.029436035,-0.295994362,-0.666154808,-0.049563778,0,TRUE,FALSE
0,0,0,1,0.552706222,-0.064687408,-0.160041924,-0.682062241,0.005552848,0,TRUE,FALSE
0,0,0,1,0.540300443,-0.012170944,-0.298890843,-0.600823536,-0.031930128,0,TRUE,FALSE
0,0,0,1,0.557483775,-0.067405644,-0.243536963,-0.651369455,-0.064510412,0,TRUE,FALSE
0,0,0,1,0.563933892,0.02096547,-0.275610253,-0.679976639,-0.007049707,0,TRUE,FALSE
0,0,0,1,0.568365194,-0.086910549,-0.271008296,-0.694858424,-0.068248504,0,TRUE,FALSE
0,0,0,1,0.604253259,0.002731715,-0.179740385,-0.604481617,-0.027950621,0,TRUE,FALSE
0,0,0,1,0.788582035,0.417161935,-0.188185214,-0.504048901,-0.066205419,1,TRUE,FALSE
0,0,0,1,0.778779694,0.369685696,-0.178344173,-0.438944549,-0.018272276,0,TRUE,FALSE
0,0,0,1,0.683339517,0.097552975,0.116441907,-0.709922649,-0.020628826,0,TRUE,TRUE
0,0,0,1,0.70183327,0.073900487,0.147940159,-0.595772682,-0.059699727,0,TRUE,TRUE
0,0,0,1,0.70183327,0.073900487,0.147940159,-0.620559968,-0.062423046,0,TRUE,TRUE
0,0,0,1,0.70183327,0.073900487,0.147940159,-0.629835539,-0.046253206,0,TRUE,TRUE
0,0,0,1,0.70183327,0.073900487,0.147940159,-0.606247636,-0.108923297,0,TRUE,TRUE
0,0,0,1,0.623854246,0.196233693,-0.227704383,-0.599920417,-0.096309376,0,TRUE,TRUE
0,0,0,1,0.632249719,0.425104043,-0.071331507,-0.611419589,-0.117266246,0,TRUE,TRUE
0,0,0,1,0.663302459,0.239109202,0.12388779,-0.647548426,0.000673388,0,TRUE,TRUE
0,0,0,1,0.7790459,0.045201578,-0.199546253,-0.645929741,-0.131111809,0,TRUE,TRUE
0,0,0,1,0.774661141,0.246644545,-0.038096152,-0.645929741,-0.131111809,0,TRUE,TRUE
0,0,0,1,0.774661141,0.246644545,-0.038096152,-0.645929741,-0.131111809,0,TRUE,TRUE
0,0,0,1,0.767403673,0.232148534,-0.103251367,-0.642590696,-0.061478357,0,TRUE,TRUE
0,0,0,1,0.753104215,0.274648094,-0.101774105,-0.637408902,-0.006227053,0,FALSE,TRUE
0,0,0,1,0.769529914,0.197930024,-0.084093215,-0.676388243,-0.06490737,0,FALSE,TRUE
0,0,0,1,0.769529914,0.197930024,-0.084093215,-0.662490669,0.033202916,0,FALSE,TRUE
0,0,0,1,0.829018145,-0.094983869,-0.065440166,-0.65549319,-0.041318245,0,FALSE,TRUE
0,0,0,1,0.821831057,-0.009634424,-0.074611628,-0.639266555,-0.070714959,0,FALSE,TRUE
0,0,0,1,0.78537367,0.082127662,-0.316464596,-0.672819918,-0.030803379,0,FALSE,TRUE
0,0,0,1,0.759519202,0.120942829,-0.370093638,-0.672452819,-0.034682631,0,FALSE,FALSE
0,0,0,1,0.756653169,0.144899993,-0.380219277,-0.67069286,-0.033552245,0,FALSE,FALSE
0,0,0,1,0.76152185,0.127367329,-0.353620588,-0.671505323,-0.040877976,0,FALSE,FALSE
0,0,0,1,0.753917414,0.082420615,-0.233305283,-0.701784876,0.009112795,0,FALSE,FALSE
0,0,0,1,0.762636024,0.056258875,-0.147823777,-0.666672408,0.136803446,0,FALSE,FALSE
0,0,0,1,0.72928407,0.181840009,-0.334453138,-0.677406586,0.143768879,0,FALSE,TRUE
0,0,0,1,0.72928407,0.181840009,-0.334453138,-0.74822119,0.156354822,0,FALSE,TRUE
0,0,0,1,0.753135861,0.001750796,-0.311380671,-0.666564129,0.023042726,0,FALSE,TRUE
0,0,0,1,0.737114018,0.518245249,-0.123495832,-0.693340452,0.081162134,0,FALSE,FALSE
0,0,0,1,0.732816379,0.807181626,-0.128707319,-0.651726047,-0.039952924,0,FALSE,FALSE
0,0,0,1,-0.778036193,0.07103405,0.215827902,-0.651726047,-0.039952924,1,FALSE,FALSE
0,0,0,1,-0.792291243,-0.087110905,0.250194094,-1.437521016,0.196857597,0,FALSE,FALSE
0,0,0,1,-0.792291243,-0.087110905,0.250194094,-1.437521016,0.196857597,0,FALSE,FALSE
0,0,0,1,-0.889936017,-0.588397206,0.2573391,-1.329251166,0.091286754,0,FALSE,FALSE
0,0,0,1,-0.889936017,-0.588397206,0.2573391,-1.405938428,0.103988941,0,FALSE,TRUE
0,0,0,1,0.714879241,0.423698952,-0.252578602,-0.665240813,0.022557714,0,TRUE,FALSE
0,0,0,1,0.714879241,0.423698952,-0.252578602,-0.654175469,-0.000754274,0,TRUE,FALSE
0,0,0,1,-0.52667889,0.008292942,-0.049839165,0.760881716,0.294869557,0,TRUE,TRUE
0,0,0,1,-0.61168022,-0.193884015,-0.027669124,0.722162882,0.34390632,0,FALSE,TRUE
0,0,0,1,-0.56434201,-0.001884575,-0.069541706,0.728921621,0.325676585,0,FALSE,TRUE
0,0,0,1,-0.518411704,0.140550609,-0.100919059,0.72513598,0.338440048,0,FALSE,TRUE
0,0,0,1,-0.518411704,0.140550609,-0.100919059,0.701215237,0.36278801,0,FALSE,TRUE
0,0,0,1,-0.518411704,0.140550609,-0.100919059,0.701215237,0.36278801,0,FALSE,TRUE
0,0,0,1,0.78858139,-0.023378925,-0.161097905,-0.474973175,-0.085089809,0,FALSE,TRUE
0,0,0,1,0.78858139,-0.023378925,-0.161097905,-0.474973175,-0.085089809,0,FALSE,TRUE
0,0,0,1,0.752454816,0.176166279,-0.059080894,-0.490713814,-0.010308524,0,FALSE,TRUE
0,0,0,1,-0.735644153,-0.135076105,0.060479697,0.801881079,0.032645562,0,FALSE,TRUE
0,0,0,1,-0.72780268,-0.155098512,0.041579279,0.696762693,-0.034724435,0,FALSE,TRUE
0,0,0,1,-0.720674347,-0.089079339,0.160517971,0.641915374,0.530746475,0,FALSE,FALSE
0,0,0,1,-0.71869816,-0.139164012,0.144449501,0.609489735,0.34935702,0,FALSE,FALSE
0,0,0,1,-0.675873156,-0.036586255,0.06133733,0.810700219,-0.181197762,0,FALSE,FALSE
0,0,0,1,-0.675232143,-0.196117844,0.046093561,0.810700219,-0.181197762,0,FALSE,FALSE
0,0,0,1,-0.732311976,-0.026284551,0.014652062,0.810700219,-0.181197762,0,FALSE,FALSE
0,0,0,1,-0.696583385,-0.182310515,0.033037082,0.741219192,-0.031577773,0,FALSE,FALSE
0,0,0,1,-0.726940326,0.109297847,0.186880076,0.79804632,0.147154109,0,FALSE,FALSE
0,0,0,1,-0.558969467,0.324614975,0.250325568,0.87517824,-0.051978357,0,FALSE,FALSE
0,0,0,1,-0.605626884,0.193449417,0.211507089,0.87517824,-0.051978357,0,FALSE,FALSE
0,0,0,1,-0.595322253,0.177426018,0.194820026,0.87517824,-0.051978357,0,FALSE,FALSE
0,0,0,1,-0.595322253,0.177426018,0.194820026,0.87517824,-0.051978357,0,FALSE,FALSE
0,0,0,1,0.734343734,0.041946193,-0.175509815,-0.737258078,-0.198283351,0,FALSE,FALSE
0,0,0,1,0.769216356,0.061888167,-0.045182627,-0.707808174,-0.157251698,0,FALSE,FALSE
0,0,0,1,0.783641298,0.079530781,-0.136601121,-0.660579801,-0.078058447,0,FALSE,FALSE
0,0,0,1,0.778522121,-0.042025571,-0.111552507,-0.690263501,-0.093941586,0,FALSE,FALSE
0,0,0,1,-0.697168308,0.090871432,0.023303671,0.819349588,0.118542432,0,FALSE,FALSE
0,0,0,1,-0.702418805,-0.040097227,0.006437267,0.817322682,0.012718698,0,FALSE,FALSE
0,0,0,1,-0.673721958,-0.036776303,-0.007397457,0.833588498,-0.040039758,0,FALSE,FALSE
0,0,0,1,-0.656712021,0.084999589,-0.01255388,0.860746974,-0.081419145,0,TRUE,FALSE
0,0,0,1,-0.685158909,-0.254883433,-0.100952679,0.825903154,-0.040026864,0,TRUE,FALSE
0,0,0,1,-0.678101165,-0.01748056,-0.104882057,0.825903154,-0.040026864,0,TRUE,FALSE
0,0,0,1,-1.576727219,-0.093026032,0.127576564,0.825903154,-0.040026864,1,TRUE,FALSE
0,0,0,1,-1.576727219,-0.093026032,0.127576564,0.825903154,-0.040026864,0,TRUE,FALSE
0,0,0,1,-1.576727219,-0.093026032,0.127576564,0.825903154,-0.040026864,1,TRUE,FALSE
0,0,0,1,1.384746705,0.41199482,-0.391425237,0.700882181,0.01743497,0,FALSE,FALSE
0,0,0,1,-1.424185049,0.055583099,0.305560833,-0.698620939,0.114514734,0,FALSE,FALSE
0,0,0,1,-1.361729465,0.592443579,0.32403169,-0.686317398,-0.065231855,0,FALSE,FALSE
0,0,0,1,-1.301968301,0.476801009,0.378170612,-0.790754244,-0.308128825,0,FALSE,FALSE
0,0,0,1,-1.301968301,0.476801009,0.378170612,-0.790754244,-0.308128825,0,FALSE,FALSE
0,0,0,1,-1.191185673,-0.790141978,0.095193703,-0.790754244,-0.308128825,0,FALSE,FALSE
0,0,0,1,-1.191185673,-0.790141978,0.095193703,-0.790754244,-0.308128825,0,FALSE,FALSE
0,0,0,1,-1.265602172,-0.764237833,-0.033424864,-0.790754244,-0.308128825,1,FALSE,FALSE
0,0,0,1,-1.265602172,-0.764237833,-0.033424864,-0.790754244,-0.308128825,1,FALSE,FALSE
0,0,0,1,-1.102450313,-0.962301413,-0.116302186,-0.408550739,0.152702851,0,FALSE,FALSE
-0.344575828,-0.01739069,0.205367418,0.961074683,0,0,0,-0.414306301,-0.204686175,,TRUE,
1.065369653,-0.015263244,-0.20227176,0.92696451,0,0,0,0.628760736,0.369446821,0,TRUE,
1.07929614,-0.01634242,-0.212598318,0.900476824,0,0,0,0.638509178,0.433439907,,TRUE,
1.07929614,-0.01634242,-0.212598318,0.900476824,0,0,0,0.638509178,0.433439907,,TRUE,
0.36543365,0.051901704,-0.039879876,0.985549539,0,0,0,-0.74887168,-0.013309939,1,TRUE,
0.421516378,0.01606191,-0.017410775,0.979563135,0,0,0,-0.427482559,-0.02969944,,TRUE,
0.421516378,0.01606191,-0.017410775,0.979563135,0,0,0,-0.427482559,-0.02969944,,TRUE,
-0.941233343,0.000362263,0.246060235,0.965676741,0,0,0,-0.400057325,0.012817271,1,TRUE,
-0.76616826,0.104013931,0.495713704,0.866763748,0,0,0,-0.396669258,0.082683047,0,TRUE,
-0.768421934,-0.128958922,0.405959561,0.907092169,0,0,0,-0.391707532,0.123368763,1,TRUE,
-0.966970912,-0.116328652,0.430433394,0.88627906,0,0,0,-0.398455888,0.165241232,1,TRUE,
-0.889545315,-0.300773993,0.478430582,0.80460686,0,0,0,-0.429593248,0.323509055,0,TRUE,
-0.724650715,0.161824746,0.500471702,0.855032096,0,0,0,-0.304622748,0.114219386,0,TRUE,
-1.007430593,0.136221634,0.337048395,0.93349043,0,0,0,-0.351819832,-0.067049746,0,TRUE,
-0.800822357,-0.176546555,0.246842183,0.961255455,0,0,0,-0.440575342,0.292287599,0,TRUE,
-0.71441482,-0.169057313,0.502727451,0.853049865,0,0,0,-0.417401973,0.223877117,0,TRUE,
-0.729266848,-0.005000576,0.507336702,0.859390201,0,0,0,-0.455499585,-0.066228986,0,TRUE,
-0.886546515,-0.148323847,0.345913027,0.926451755,0,0,0,-0.470994036,0.093101203,1,TRUE,
-0.876584455,-0.229960871,0.304109095,0.943953345,0,0,0,-0.466938475,0.136632476,1,TRUE,
-0.876584455,-0.229960871,0.304109095,0.943953345,0,0,0,-0.466938475,0.136632476,,TRUE,
-0.876584455,-0.229960871,0.304109095,0.943953345,0,0,0,-0.466938475,0.136632476,,TRUE,
-0.398956056,-0.060606377,0.359036218,0.93120194,0,0,0,0.385516848,-0.0231985,1,TRUE,
-0.370616409,-0.109957841,0.371956761,0.922913634,0,0,0,0.393270689,-0.141435763,1,TRUE,
-0.337371652,-0.169827445,0.416169637,0.884684589,0,0,0,0.376436923,0.210788472,1,TRUE,
-0.426146261,-0.071207101,0.24536285,0.949903035,0,0,0,0.454415055,-0.151971326,0,TRUE,
-0.473534239,-0.032529082,0.316867093,0.93612004,0,0,0,0.475062273,-0.138856444,0,TRUE,
-0.476898231,-0.037235032,0.344843048,0.937465076,0,0,0,0.464780922,-0.124474129,0,TRUE,
-0.50241372,0.002570859,0.315812125,0.947955924,0,0,0,0.464780922,-0.124474129,,TRUE,
-0.450365248,-0.100378303,-0.157989504,0.985276806,0,0,0,0.592439814,-0.197004387,0,TRUE,
-0.270967343,-0.192831927,-0.250110569,0.953749363,0,0,0,0.648296346,-0.248880698,0,TRUE,
-0.984767897,-0.135576303,0.237235944,0.915297567,0,0,0,-0.478444121,0.317728519,1,TRUE,
-1.017939765,-0.055925322,0.364291761,0.669001187,0,0,0,-0.488092219,-0.017310829,0,FALSE,
-1.044911598,-0.057666766,0.367459776,0.722593688,0,0,0,-0.513284975,0.00482626,1,FALSE,
-0.464088289,-0.207503041,0.150211881,0.949086113,0,0,0,0.544819496,-0.115391861,0,FALSE,
-0.575876815,-0.204642833,0.192861687,0.889166972,0,0,0,0.515174721,-0.088146625,0,FALSE,
-0.525306848,-0.251336555,0.247269989,0.8674883,0,0,0,0.515174721,-0.088146625,,FALSE,
-0.525306848,-0.251336555,0.247269989,0.8674883,0,0,0,0.515174721,-0.088146625,,FALSE,
-0.525306848,-0.251336555,0.247269989,0.8674883,0,0,0,0.515174721,-0.088146625,,FALSE,
-1.341663366,-0.012776521,0.438558522,0.890770017,0,0,0,-0.399915886,-0.016019209,0,FALSE,
-1.341663366,-0.012776521,0.438558522,0.890770017,0,0,0,-0.477223815,-0.303631102,1,FALSE,
-0.760565241,0.569592726,0.219068512,0.896717701,0,0,0,-0.468098079,-0.415720322,0,FALSE,
-0.858122668,0.473803981,0.201630421,0.895503688,0,0,0,-0.49001906,-0.402851152,0,FALSE,
-0.885642667,0.475897256,0.200032027,0.863126571,0,0,0,-0.49515653,-0.393116995,0,FALSE,
-0.885642667,0.475897256,0.200032027,0.863126571,0,0,0,-0.49515653,-0.393116995,0,FALSE,
-0.885642667,0.475897256,0.200032027,0.863126571,0,0,0,-0.49515653,-0.393116995,,FALSE,
0.842340699,-0.360532113,-0.030723572,0.962626424,0,0,0,0.428299533,0.204105988,0,FALSE,
0.464997146,0.015086811,-0.259727237,0.964454989,0,0,0,0.98540855,0.072186418,0,FALSE,
0.451467623,-0.010168288,-0.263512825,0.962779638,0,0,0,1.040448017,0.16334513,0,FALSE,
0.523053999,0.041920246,-0.52875291,0.823686441,0,0,0,1.197681067,0.144903924,1,FALSE,
0.408432848,-0.094823175,-0.644678927,0.722038021,0,0,0,1.324821677,0.165092569,1,FALSE,
0.431502281,0.01980618,-0.280938803,0.95791366,0,0,0,1.324821677,0.165092569,1,FALSE,
0.415202755,0.053793885,-0.245044087,0.964396475,0,0,0,1.071065179,-0.027374071,0,FALSE,
0.400375457,-0.002655624,0.005775244,0.956986735,0,0,0,1.108527557,0.016039635,1,FALSE,
0.343213295,0.025348795,-0.405121573,0.913314017,0,0,0,1.048018096,0.079506264,0,FALSE,
0.365348574,0.012912912,-0.370882843,0.927765543,0,0,0,1.105630572,0.099136992,0,FALSE,
0.375833518,0.033603088,-0.288850338,0.955764915,0,0,0,1.088242879,0.081189481,0,FALSE,
0.36197439,0.14900185,-0.337942098,0.904525617,0,0,0,1.059208483,0.022709512,0,FALSE,
0.984714783,-0.084939026,-0.229868862,0.961385582,0,0,0,0.487472061,-0.166582303,0,FALSE,
1.101040429,-0.148884938,-0.085823323,0.970054692,0,0,0,0.49273004,-0.081942595,0,FALSE,
1.056800155,-0.099037263,-0.077824429,0.961599677,0,0,0,0.524262804,-0.036099674,0,FALSE,
1.056800155,-0.099037263,-0.077824429,0.961599677,0,0,0,0.494265611,-0.169584453,0,FALSE,
1.095930336,-0.176247484,-0.20333689,0.978877163,0,0,0,0.565700075,0.022949909,0,FALSE,
1.274821388,-0.146202242,-0.144905161,0.987555004,0,0,0,0.482294585,0.026526283,0,FALSE,
0.920009627,-0.208143046,-0.230097969,0.966107974,0,0,0,0.465399011,-0.075021779,0,FALSE,
1.004237425,-0.136505884,-0.250266247,0.959355534,0,0,0,0.447165652,-0.06103428,0,FALSE,
1.001870258,-0.075186298,-0.277132526,0.949458336,0,0,0,0.443251177,-0.199763264,0,FALSE,
1.045104239,-0.183753049,-0.212254176,0.966277393,0,0,0,0.474532022,-0.149104954,0,FALSE,
1.03084837,-0.167290885,-0.239464757,0.949806543,0,0,0,0.478661421,-0.206749576,0,FALSE,
1.249284715,-0.106706133,-0.180659715,0.911524339,0,0,0,0.502386496,-0.209190213,0,FALSE,
0.928781735,-0.299262305,-0.318592415,0.942602993,0,0,0,0.522559586,0.076322003,0,FALSE,
0.931823166,-0.300185746,-0.313483256,0.941728431,0,0,0,0.527850655,0.080565831,0,FALSE,
1.030013792,-0.125891446,-0.318467395,0.930874015,0,0,0,0.539545145,0.260253741,0,FALSE,
1.041980451,-0.096139617,-0.315260616,0.934813426,0,0,0,0.549901971,0.244619722,0,FALSE,
1.028944351,-0.057596665,-0.299716228,0.945031131,0,0,0,0.56707113,0.186903752,0,FALSE,
1.028944351,-0.057596665,-0.299716228,0.945031131,0,0,0,0.56707113,0.186903752,0,FALSE,
1.028944351,-0.057596665,-0.299716228,0.945031131,0,0,0,0.56707113,0.186903752,0,FALSE,
1.028944351,-0.057596665,-0.299716228,0.945031131,0,0,0,0.56707113,0.186903752,,FALSE,
0.943521024,-0.336329927,-0.370202541,0.921174332,0,0,0,0.6153018,0.14341129,0,FALSE,
0.939484374,-0.306780994,-0.396055637,0.90971311,0,0,0,0.574759037,0.09446485,0,FALSE,
0.902511831,-0.305965701,-0.413690189,0.901307826,0,0,0,0.526698823,0.079573336,0,FALSE,
0.865047423,-0.375508119,-0.429314698,0.879250289,0,0,0,0.478760574,0.131379759,0,FALSE,
1.086648435,-0.343168119,-0.42502197,0.86489225,0,0,0,0.684975796,0.208932005,0,FALSE,
1.051657985,-0.432976039,-0.390612401,0.854180339,0,0,0,0.683338159,0.253425975,0,FALSE,
1.141080608,-0.180411287,-0.266047423,0.956645419,0,0,0,0.654247504,0.050276057,0,FALSE,
1.137978559,-0.230737501,-0.248219195,0.957743385,0,0,0,0.643203236,0.059569982,0,FALSE,
1.171296616,-0.202758372,-0.174150202,0.962929296,0,0,0,0.644976398,0.063453817,0,FALSE,
1.17778106,-0.154981805,-0.161863109,0.95773268,0,0,0,0.655199945,0.036549938,0,FALSE,
1.171504546,-0.180893575,-0.153380785,0.957881389,0,0,0,0.652729294,0.052517255,0,FALSE,
1.166762986,-0.174191598,-0.139526124,0.95786796,0,0,0,0.653598288,0.051691628,0,FALSE,
1.177163319,-0.106147962,-0.110032987,0.957453401,0,0,0,0.657536108,0.008762437,0,FALSE,
1.177163319,-0.106147962,-0.110032987,0.957453401,0,0,0,0.657536108,0.008762437,0,FALSE,
1.199582366,-0.128300243,-0.159955486,0.943016973,0,0,0,0.661717784,0.02928273,0,FALSE,
1.045868816,-0.203340608,-0.100093131,0.881252411,0,0,0,0.636500694,0.055839386,0,FALSE,
1.045868816,-0.203340608,-0.100093131,0.881252411,0,0,0,0.590274201,0.066481423,0,FALSE,
0.857764977,-0.368452375,-0.386320407,0.907506641,0,0,0,0.489602231,0.077277638,0,FALSE,
0.865823618,-0.315467613,-0.391757268,0.912253146,0,0,0,0.564284524,0.08075318,0,FALSE,
1.078153844,-0.289315788,-0.235976469,0.962398425,0,0,0,0.610913493,0.07479054,0,FALSE,
1.119919152,-0.334676348,-0.241495994,0.945054234,0,0,0,0.607202602,0.075814694,0,FALSE,
0.98206443,-0.325662896,-0.210564153,0.961434867,0,0,0,0.585877955,0.0582356,0,FALSE,
0.969812079,-0.325111876,-0.2017809,0.961378192,0,0,0,0.585877955,0.0582356,0,FALSE,
0.531374859,-0.374636312,-0.54870709,0.821000515,0,0,0,0.265479696,0.029146404,0,FALSE,
0.881016281,-0.541730452,-0.322289589,0.926917216,0,0,0,0.490362586,0.221245217,0,FALSE,
1.049692094,-0.339595559,-0.227829574,0.968530588,0,0,0,0.603412358,0.235800776,0,FALSE,
1.056810373,-0.34424228,-0.196182414,0.973497666,0,0,0,0.574010374,0.486796377,0,FALSE,
1.064561773,-0.318490036,-0.191442971,0.975724534,0,0,0,0.574010374,0.486796377,0,FALSE,
1.05079162,-0.304604683,-0.188256646,0.976101225,0,0,0,0.574010374,0.486796377,0,FALSE,
1.02965325,-0.3198097,-0.185513929,0.976182265,0,0,0,0.570109535,0.386146579,0,FALSE,
0.532761751,-1.019783409,-0.402270786,0.744382768,0,0,0,0.763473534,0.346218698,0,TRUE,
1.03290737,-0.132896888,-0.333494146,0.934985119,0,0,0,0.659086616,-0.050694132,0,TRUE,
1.067076308,-0.200709708,-0.251903238,0.94824894,0,0,0,0.663889507,0.00152988,0,TRUE,
1.067076308,-0.200709708,-0.251903238,0.94824894,0,0,0,0.647400116,-0.011174304,,TRUE,
1.067076308,-0.200709708,-0.251903238,0.94824894,0,0,0,0.647400116,-0.011174304,,TRUE,
0.590116646,-0.04976876,-0.094599085,0.988910165,0,0,0,1.040588795,-0.056756812,0,TRUE,
0.6028166,-0.056678262,-0.097693856,0.991830988,0,0,0,1.073582378,0.001596143,0,TRUE,
0.606366318,-0.05092941,-0.07544173,0.993807941,0,0,0,1.08038104,-0.005967036,0,TRUE,
0.601292966,-0.068579228,-0.084184034,0.991501507,0,0,0,1.080500944,0.025180897,0,TRUE,
0.597792114,-0.062455251,-0.080231231,0.991434691,0,0,0,1.080541325,0.045747879,0,TRUE,
0.606550757,-0.06555156,-0.084476954,0.990790393,0,0,0,1.094114788,0.117296783,0,TRUE,
0.609744962,-0.075389841,-0.077006416,0.991195884,0,0,0,1.088294464,0.114877356,0,TRUE,
0.604383909,-0.075347738,-0.084163528,0.98889402,0,0,0,1.081392172,0.118553186,0,TRUE,
0.60834772,-0.059112907,-0.036286248,0.994048479,0,0,0,1.095496402,-0.007411868,0,TRUE,
0.568311421,-0.003993589,-0.315282528,0.923120095,0,0,0,0.996901143,-0.05499575,0,TRUE,
0.593259054,0.024696086,-0.259033133,0.964405128,0,0,0,0.974277081,-0.143607506,0,TRUE,
0.544224348,-0.142561329,-0.320399462,0.847867038,0,0,0,0.922584271,-0.096584427,0,TRUE,
0.57925794,-0.070180056,-0.501177962,0.798360527,0,0,0,0.788835884,0.063542643,0,TRUE,
0.656351028,-0.036356111,-0.104967843,0.990882551,0,0,0,1.013019369,0.133110209,0,TRUE,
0.662414465,-0.115247066,-0.059346836,0.984272823,0,0,0,1.223882848,-0.023946613,1,TRUE,
0.61790704,-0.094725228,-0.071664032,0.993433363,0,0,0,1.187533495,-0.083949748,0,TRUE,
0.589608169,-0.094369432,-0.136445546,0.988390684,0,0,0,1.131227175,-0.17268523,1,TRUE,
0.510812054,0.099060785,-0.259764359,0.958329122,0,0,0,1.009945942,-0.15240557,1,TRUE,
0.410049803,0.092383232,-0.427546084,0.894520817,0,0,0,0.738461113,-0.115255178,0,TRUE,
0.401163846,0.135779092,-0.372469662,0.9155566,0,0,0,0.738461113,-0.115255178,0,TRUE,
0.401163846,0.135779092,-0.372469662,0.9155566,0,0,0,0.738461113,-0.115255178,,FALSE,
0.265249336,-0.781828093,-0.614744424,0.738343642,0,0,0,0.06010806,0.134986529,0,FALSE,
0.888960841,-0.036621167,-0.503559288,0.862628737,0,0,0,0.613988322,0.030878091,0,FALSE,
0.965171365,-0.050310562,-0.384755086,0.918204397,0,0,0,0.622956702,0.044554177,0,FALSE,
0.951974058,-0.077064982,-0.365147221,0.928680873,0,0,0,0.570982193,0.021951768,0,FALSE,
0.967894305,-0.12793451,-0.304896815,0.834757392,0,0,0,0.768072147,-0.10181497,0,FALSE,
0.975038268,0.045023581,-0.435952847,0.89795369,0,0,0,0.760119528,-0.16036045,0,FALSE,
0.865806929,-0.27039549,-0.449864095,0.887225559,0,0,0,0.760119528,-0.16036045,0,FALSE,
0.865806929,-0.27039549,-0.449864095,0.887225559,0,0,0,0.760119528,-0.16036045,0,FALSE,
0.805922892,-0.402504386,-0.503304936,0.844028617,0,0,0,0.488131357,0.170177878,1,FALSE,
0.878906633,-0.029332062,-0.083711588,0.962465816,0,0,0,0.646161407,-0.049156113,0,FALSE,
0.878906633,-0.029332062,-0.083711588,0.962465816,0,0,0,0.645946396,-0.024485651,0,FALSE,
0.878906633,-0.029332062,-0.083711588,0.962465816,0,0,0,0.716017848,-0.073814899,0,FALSE,
1.197381906,-0.495644947,-0.402169156,0.859287185,0,0,0,0.580407061,0.00857872,0,TRUE,
1.197381906,-0.495644947,-0.402169156,0.859287185,0,0,0,0.580407061,0.00857872,0,TRUE,
1.277931325,-0.269215528,-0.375130737,0.882946988,0,0,0,0.647815501,-0.050962468,0,TRUE,
1.277931325,-0.269215528,-0.375130737,0.882946988,0,0,0,0.647815501,-0.050962468,0,TRUE,
0.611374116,0.033441809,-0.037703159,0.990203141,0,0,0,0.998734629,0.044277513,1,TRUE,
0.555344046,-0.035364938,-0.096020763,0.979269338,0,0,0,1.034166341,0.072731893,1,TRUE,
0.579310296,-0.049401425,-0.283367826,0.954720984,0,0,0,1.270509352,0.003735876,0,TRUE,
0.591322678,-0.041129231,-0.257094908,0.962976619,0,0,0,1.270509352,0.003735876,0,TRUE,
0.574370776,-0.032295361,-0.371296171,0.926385918,0,0,0,1.205917607,0.135616475,0,TRUE,
0.654304623,-0.106160172,-0.333849928,0.937152655,0,0,0,1.172780469,0.049942537,0,TRUE,
0.535025222,-0.089682472,-0.300206674,0.953724045,0,0,0,0.986059849,-0.024608587,0,TRUE,
0.569309383,-0.050473738,-0.253143047,0.966494368,0,0,0,1.080478481,-0.068033146,0,TRUE,
0.411989994,-0.161307135,-0.364042882,0.917763427,0,0,0,0.808333763,0.145648875,0,TRUE,
0.376606273,-0.032017849,-0.402257376,0.914087932,0,0,0,0.648141999,0.097964598,1,TRUE,
0.382858487,-0.345548021,-0.393098802,0.855375477,0,0,0,0.447604981,0.208661529,0,TRUE,
0.558160209,0.208678068,-0.244081939,0.937677537,0,0,0,1.206202327,-0.179277514,1,TRUE,
0.582373051,0.157438337,0.065435787,0.977199882,0,0,0,1.244004078,-0.169488181,0,TRUE,
0.515020108,0.116351776,-0.359581095,0.920502257,0,0,0,1.031923397,-0.036347958,0,TRUE,
0.655475654,-0.016248778,-0.3981182,0.917172104,0,0,0,0.871375831,0.01430263,0,TRUE,
0.125546769,-0.31893348,-0.569654427,0.77029801,0,0,0,0.15232373,0.247557047,0,TRUE,
0.125546769,-0.31893348,-0.569654427,0.77029801,0,0,0,0.15232373,0.247557047,1,TRUE,
0.125546769,-0.31893348,-0.569654427,0.77029801,0,0,0,0.15232373,0.247557047,,TRUE,
-0.626137663,0.001508284,0.021663622,0.996182288,0,0,0,0.691468538,0.389119451,0,TRUE,
-0.5968405,0.025018289,0.336098994,0.940744019,0,0,0,0.717540087,-0.049220102,0,TRUE,
-0.533546352,0.083455025,0.311935953,0.943978416,0,0,0,0.734703193,0.047785972,0,TRUE,
-0.603751037,0.008968601,0.08466176,0.986373162,0,0,0,0.585938945,-0.054163357,0,TRUE,
-0.603751037,0.008968601,0.08466176,0.986373162,0,0,0,0.606629389,-0.032360773,0,TRUE,
-0.603751037,0.008968601,0.08466176,0.986373162,0,0,0,0.593003097,-0.152219191,0,TRUE,
-0.603751037,0.008968601,0.08466176,0.986373162,0,0,0,0.589654039,-0.121388563,0,TRUE,
-0.603751037,0.008968601,0.08466176,0.986373162,0,0,0,0.593170327,-0.090167897,0,TRUE,
-0.603751037,0.008968601,0.08466176,0.986373162,0,0,0,0.572012733,0.182716821,0,TRUE,
0.607314189,0.000208166,-0.129647254,0.946564865,0,0,0,0.451637522,0.302376094,0,TRUE,
0.638879726,-0.113770097,-0.022296246,0.986219971,0,0,0,0.472873088,0.412675799,0,TRUE,
-0.659481346,0.100116115,0.167768811,0.984431286,0,0,0,0.659055469,-0.163235298,0,TRUE,
-0.650890824,0.117977262,0.172234775,0.980421022,0,0,0,0.651447342,-0.172933992,0,TRUE,
-0.621246875,0.137690398,0.094622349,0.989581189,0,0,0,0.647063901,-0.199427048,0,TRUE,
-0.613956856,0.152743792,0.082527669,0.991231818,0,0,0,0.706292411,-0.252054028,0,TRUE,
-0.549823148,-0.011112605,-0.110489247,0.97146308,0,0,0,0.641665345,-0.348437341,0,TRUE,
-0.562051031,-0.094935787,-0.086034312,0.960813027,0,0,0,0.778171122,-0.29746788,0,TRUE,
-0.662333165,0.074439862,-0.042014729,0.953672275,0,0,0,0.879861998,-0.198343118,0,TRUE,
-0.564972065,0.077930006,0.333257045,0.93845527,0,0,0,0.922009418,-0.113115006,1,TRUE,
-0.683185746,-0.014863099,0.258060856,0.963505087,0,0,0,0.521543773,-0.21667834,0,TRUE,
-0.645956934,0.08287637,0.208864026,0.97399338,0,0,0,0.473409122,-0.015867563,0,TRUE,
-0.650232405,-0.002988447,0.321462415,0.943246778,0,0,0,0.473409122,-0.015867563,0,TRUE,
-0.898820925,0.232827806,0.11500428,0.976871407,0,0,0,-0.372226101,-0.222865839,1,TRUE,
-0.898820925,0.232827806,0.11500428,0.976871407,0,0,0,-0.372226101,-0.222865839,0,TRUE,
-0.898820925,0.232827806,0.11500428,0.976871407,0,0,0,-0.372226101,-0.222865839,,TRUE,
-0.898820925,0.232827806,0.11500428,0.976871407,0,0,0,-0.372226101,-0.222865839,,TRUE,
-0.898820925,0.232827806,0.11500428,0.976871407,0,0,0,-0.372226101,-0.222865839,,TRUE,
0.637870653,-0.039125161,0.031712612,0.995369763,0,0,0,1.234855521,0.207304347,0,TRUE,
0.599037481,-0.028434506,0.02041913,0.985863103,0,0,0,1.193650646,0.242655873,0,TRUE,
0.535493929,-0.040292395,-0.153563829,0.980314926,0,0,0,1.148116359,0.059225503,0,TRUE,
0.305088487,-0.287257521,-0.480046481,0.836953494,0,0,0,0.702727836,0.110883073,0,TRUE,
0.307514755,-0.42365081,-0.302210377,0.808382975,0,0,0,0.767963245,0.182031625,0,TRUE,
0.307514755,-0.42365081,-0.302210377,0.808382975,0,0,0,0.767963245,0.182031625,0,TRUE,
0.576149846,-0.056411973,-0.111057882,0.989297942,0,0,0,1.121105187,0.044251754,0,TRUE,
0.573955285,-0.054110373,-0.290686449,0.941435483,0,0,0,1.113531702,0.085306843,0,TRUE,
0.579935594,-0.067809159,-0.300472956,0.952946036,0,0,0,1.082244733,0.261897366,0,TRUE,
0.579935594,-0.067809159,-0.300472956,0.952946036,0,0,0,1.05191718,0.141662908,0,TRUE,
-0.472130796,0.020688403,0.122276622,0.984666657,0,0,0,-1.044600472,-0.161878599,0,TRUE,
-0.454110945,-0.001692283,-0.082815809,0.976205357,0,0,0,-0.997805822,0.033690487,0,TRUE,
0.484519684,-0.059126837,-0.281438512,0.959171237,0,0,0,-0.663380097,0.076627832,0,TRUE,
0.574755276,-0.075782932,-0.222822892,0.971685737,0,0,0,-0.663380097,0.076627832,0,TRUE,
0.560736338,-0.070917018,-0.21668005,0.974921025,0,0,0,1.083096439,0.066385155,0,TRUE,
0.519594958,0.136611852,-0.330763853,0.916982092,0,0,0,1.280956852,-0.175382732,0,TRUE,
0.41959743,0.248956357,-0.307211607,0.9008586,0,0,0,1.137999346,-0.243370626,0,TRUE,
0.643709221,-0.062030765,-0.189880509,0.979393679,0,0,0,0.757175916,0.043959408,0,TRUE,
0.452668678,-0.093525364,-0.153989734,0.981538825,0,0,0,0.757175916,0.043959408,0,FALSE,
0.422305758,-0.129198664,-0.13381685,0.9806204,0,0,0,0.757175916,0.043959408,1,FALSE,
0.333684558,-0.206121527,-0.131259119,0.965789024,0,0,0,0.757175916,0.043959408,0,FALSE,
0.408967383,-0.013326705,-0.201709965,0.977167693,0,0,0,0.757175916,0.043959408,0,FALSE,
0.504055417,0.036088375,-0.134328543,0.989971524,0,0,0,0.757175916,0.043959408,0,FALSE,
0.546863239,0.016431607,-0.141658859,0.989714624,0,0,0,0.757175916,0.043959408,0,FALSE,
0.333085316,-0.092249204,-0.304192322,0.947573243,0,0,0,0.757175916,0.043959408,0,FALSE,
0.333085316,-0.092249204,-0.304192322,0.947573243,0,0,0,0.757175916,0.043959408,0,FALSE,
0.439092197,-0.058482175,-0.373350486,0.925056764,0,0,0,0.757175916,0.043959408,1,FALSE,
0.430638827,-0.005891692,-0.387509757,0.921101978,0,0,0,0.757175916,0.043959408,1,FALSE,
0.352919727,0.02490997,-0.39338549,0.917531849,0,0,0,0.757175916,0.043959408,1,TRUE,
0.420302299,-0.092255247,-0.356432246,0.933252453,0,0,0,0.757175916,0.043959408,0,TRUE,
0.45483696,-0.183589727,-0.284857168,0.950157137,0,0,0,1.41954318,0.133211258,0,TRUE,
0.192457765,-0.089410655,-0.53712495,0.837586059,0,0,0,1.421095653,0.142594257,0,TRUE,
0.137219267,-0.056601694,-0.450480016,0.87047845,0,0,0,1.73173054,0.112324227,,TRUE,
0.137219267,-0.056601694,-0.450480016,0.87047845,0,0,0,1.73173054,0.112324227,,TRUE,
0.595714896,-0.033553499,-0.193272743,0.98008702,0,0,0,0.712513959,0.203680785,0,TRUE,
0.333939467,-0.024483189,-0.409838093,0.911895981,0,0,0,0.905962322,0.148905681,0,TRUE,
0.563040149,0.104078258,-0.23232564,0.958547923,0,0,0,0.549639147,0.139669565,0,TRUE,
0.623194159,0.10168958,-0.213002209,0.960903647,0,0,0,0.606655862,0.091066695,,TRUE,
0.685714222,0.04158196,0.087340495,0.992078524,0,0,0,1.204114943,-0.056167964,0,TRUE,
0.659318344,-0.007917297,0.09534318,0.981621425,0,0,0,1.048963864,-0.413019275,0,TRUE,
0.659318344,-0.007917297,0.09534318,0.981621425,0,0,0,1.048963864,-0.413019275,0,TRUE,
0.615863959,0.05686964,-0.006168054,0.967453218,0,0,0,1.115212627,-0.485845162,0,TRUE,
0.553730671,-0.044162319,-0.111070906,0.93650807,0,0,0,1.115212627,-0.485845162,,TRUE,
0.553730671,-0.044162319,-0.111070906,0.93650807,0,0,0,1.115212627,-0.485845162,,TRUE,
0.726097716,-0.42187988,-0.416720091,0.889285083,0,0,0,0.626030446,0.008196057,0,TRUE,
0.826767918,-0.335537845,-0.305179276,0.950398243,0,0,0,0.515472251,-0.041777694,0,TRUE,
0.576622441,0.280308081,-0.477038023,0.853775924,0,0,0,0.515671376,-0.068387892,0,TRUE,
1.334535414,-0.045077265,-0.366714391,0.867408469,0,0,0,0.558085703,0.010272533,1,TRUE,
-0.688634332,0.024931271,0.173798745,0.980990335,0,0,0,0.615027036,0.151827256,0,FALSE,
-0.70908546,-0.003707608,0.395269356,0.912978227,0,0,0,0.491304118,-0.159167146,0,FALSE,
-0.722792595,0.034018252,0.42843546,0.871976413,0,0,0,0.499657954,-0.297053137,0,FALSE,
-0.716031751,-0.019325354,0.431118138,0.886876331,0,0,0,0.541918931,-0.073530104,0,FALSE,
-0.693311628,0.000231966,0.493026117,0.861640188,0,0,0,0.631257451,-0.293949668,0,FALSE,
-0.693311628,0.000231966,0.493026117,0.861640188,0,0,0,0.631257451,-0.293949668,0,FALSE,
-0.693311628,0.000231966,0.493026117,0.861640188,0,0,0,0.631257451,-0.293949668,0,FALSE,
-0.693311628,0.000231966,0.493026117,0.861640188,0,0,0,0.631257451,-0.293949668,0,FALSE,
-0.693311628,0.000231966,0.493026117,0.861640188,0,0,0,0.631257451,-0.293949668,0,FALSE,
-0.693311628,0.000231966,0.493026117,0.861640188,0,0,0,0.631257451,-0.293949668,0,FALSE,
-0.693311628,0.000231966,0.493026117,0.861640188,0,0,0,0.631257451,-0.293949668,0,FALSE,
-0.729454976,0.016263252,0.068281501,0.997563507,0,0,0,0.521922687,-0.071980089,0,FALSE,
-0.752687643,-0.001097314,0.097682913,0.994091686,0,0,0,0.538388405,-0.053473552,0,FALSE,
-0.669030004,-0.010108453,-0.012439456,0.999921718,0,0,0,0.532776251,-0.044934571,0,FALSE,
-0.582752192,0.008862512,0.065430529,0.995926995,0,0,0,0.604737765,-0.032898777,0,FALSE,
-0.6818384,-0.001275141,0.119380348,0.989533204,0,0,0,0.587068418,-0.091539506,0,FALSE,
-0.677243881,0.043127981,0.298403589,0.953401427,0,0,0,0.55138314,-0.1043445,0,FALSE,
-0.677243881,0.043127981,0.298403589,0.953401427,0,0,0,0.55138314,-0.1043445,0,FALSE,
-0.63831776,0.036661435,0.336917612,0.941409718,0,0,0,0.601650415,-0.000613886,0,FALSE,
-0.665228406,7.11E-05,0.136061685,0.975031367,0,0,0,-0.099992224,-0.023934571,0,TRUE,
-0.649571551,0.118561159,0.092172947,0.925472596,0,0,0,-0.035013617,-0.135363292,0,TRUE,
1.238258944,-0.158332881,-0.411686062,0.910986192,0,0,0,0.605451389,0.111626283,0,TRUE,
1.221356827,0.043539548,-0.411342031,0.90840414,0,0,0,0.63034644,0.127687233,0,TRUE,
0.526659859,-0.210333566,-0.230279157,0.956390906,0,0,0,-0.686707131,-0.081134451,0,FALSE,
0.522513446,-0.177242958,-0.335787227,0.902231506,0,0,0,-0.677837078,-0.019233954,0,FALSE,
0.52090797,-0.160764257,-0.383423202,0.830035027,0,0,0,-0.679938719,-0.003936795,0,FALSE,
0.530636383,-0.163616975,-0.23188494,0.87671032,0,0,0,-0.658626795,0.03869762,0,FALSE,
0.542527759,-0.123032541,-0.316353843,0.912930518,0,0,0,-0.665579426,0.006512111,0,FALSE,
0.551692768,-0.123447952,-0.334276351,0.858411522,0,0,0,-0.67037202,-0.00233975,0,FALSE,
0.536148429,-0.152058013,-0.32674046,0.905781761,0,0,0,-0.678000064,-0.002064801,0,FALSE,
0.531181554,-0.153162331,-0.307012129,0.943311398,0,0,0,-0.635538029,-0.034035876,0,FALSE,
0.545782527,-0.102888265,-0.382660684,0.917146327,0,0,0,-0.76416605,-0.116230739,0,FALSE,
0.56782194,-0.086182755,-0.275676678,0.95953494,0,0,0,-0.714245716,-0.186984744,0,FALSE,
0.523263928,-0.172532737,-0.180041956,0.977269488,0,0,0,-0.602029893,-0.120565982,1,FALSE,
0.562088119,-0.087341501,-0.299237564,0.927664058,0,0,0,-0.68146559,-0.140580037,0,FALSE,
0.675877893,-0.089275475,0.076000174,0.985980526,0,0,0,-0.417752412,-0.485270129,0,FALSE,
0.536913232,-0.103035328,-0.082467497,0.991348964,0,0,0,-0.657859817,-0.087939699,0,TRUE,
0.529695623,-0.158515632,-0.015137181,0.995465809,0,0,0,-0.659962004,-0.110328237,0,TRUE,
0.529695623,-0.158515632,-0.015137181,0.995465809,0,0,0,-0.659962004,-0.110328237,0,TRUE,
0.534191949,-0.144775803,0.100337218,0.986107473,0,0,0,-0.608736736,-0.060583763,0,TRUE,
0.51291324,-0.138460376,-0.055843556,0.994711636,0,0,0,-0.59060825,-0.050251279,1,TRUE,
0.51291324,-0.138460376,-0.055843556,0.994711636,0,0,0,-0.59060825,-0.050251279,0,TRUE,
0.552487781,-0.194449629,-0.087209334,0.985540297,0,0,0,-0.56528444,-0.08631278,1,TRUE,
0.44179397,-0.09090249,-0.277088744,0.959407418,0,0,0,-0.654083918,-0.025703896,0,TRUE,
0.500721297,-0.125839607,-0.200152169,0.979420996,0,0,0,-0.650556138,0.01116649,0,TRUE,
0.482409766,-0.089839448,-0.33093218,0.928839177,0,0,0,-0.689348456,0.047149739,0,TRUE,
0.449242975,-0.146524902,-0.374457594,0.922945147,0,0,0,-0.70768267,0.031687022,0,TRUE,
0.449242975,-0.146524902,-0.374457594,0.922945147,0,0,0,-0.70768267,0.031687022,,TRUE,
0.449242975,-0.146524902,-0.374457594,0.922945147,0,0,0,-0.70768267,0.031687022,,TRUE,
0.687237831,-0.037722355,-0.049774145,0.976319943,0,0,0,1.542856246,-0.100782547,0,TRUE,
0.664239285,-0.114407054,-0.248490645,0.95048726,0,0,0,1.376645591,-0.200106416,0,TRUE,
0.673591108,0.013206722,-0.225960991,0.969980788,0,0,0,1.376645591,-0.200106416,,TRUE,
0.673591108,0.013206722,-0.225960991,0.969980788,0,0,0,1.376645591,-0.200106416,,TRUE,
-0.660100605,0.213331672,0.195006729,0.957926864,0,0,0,-1.296641533,-0.124965372,0,FALSE,
-0.539657285,0.338409665,0.198466847,0.934258515,0,0,0,-1.264680478,-0.09782936,0,FALSE,
-0.517926684,0.384677486,0.133762914,0.923797988,0,0,0,-1.06204529,-0.14807422,0,TRUE,
-0.500531781,0.325430752,-0.054400609,0.927976834,0,0,0,-1.072835731,-0.185356476,0,TRUE,
-0.613291593,0.081282285,0.230978424,0.969608423,0,0,0,-0.908253473,0.051117483,0,TRUE,
-0.468906377,-0.086361714,0.268956313,0.931505839,0,0,0,-0.951892372,0.188143166,0,TRUE,
-0.468906377,-0.086361714,0.268956313,0.931505839,0,0,0,-0.951892372,0.188143166,0,TRUE,
-0.4248137,-0.071358421,0.295994362,0.928440324,0,0,0,-0.935276912,0.169948526,0,TRUE,
-0.505694253,0.095085053,0.160041924,0.984212378,0,0,0,-1.180477884,-0.040156,0,FALSE,
-0.438466653,0.154171096,0.298890843,0.95381968,0,0,0,-0.875202238,-0.034634493,0,FALSE,
-0.466451448,-0.013477635,0.243536963,0.958641205,0,0,0,-1.02197975,0.051743849,0,FALSE,
-0.490135123,-0.081748976,0.275610253,0.934213674,0,0,0,-1.032744465,0.166148756,0,FALSE,
-0.437334189,-0.0559906,0.271008296,0.942412809,0,0,0,-1.065509478,0.123030373,0,FALSE,
-0.569154169,-0.084816752,0.179740385,0.938350338,0,0,0,-1.046858348,0.194577654,0,FALSE,
-0.902534173,0.081217259,0.188185214,0.955207931,0,0,0,-1.200097134,0.09591032,0,FALSE,
-0.89680787,0.072659092,0.178344173,0.954864253,0,0,0,-1.09828389,0.102828203,0,FALSE,
-0.586637126,0.258196559,-0.116441907,0.979615238,0,0,0,-1.252874288,-0.042301774,1,FALSE,
-0.597275143,0.224088123,-0.147940159,0.970125074,0,0,0,-1.225727562,-0.102548521,0,FALSE,
-0.597275143,0.224088123,-0.147940159,0.970125074,0,0,0,-1.225727562,-0.102548521,0,FALSE,
-0.597275143,0.224088123,-0.147940159,0.970125074,0,0,0,-1.225727562,-0.102548521,1,FALSE,
-0.597275143,0.224088123,-0.147940159,0.970125074,0,0,0,-1.225727562,-0.102548521,0,FALSE,
-0.62325196,0.175428993,0.227704383,0.967274925,0,0,0,-1.154507589,0.033968411,0,FALSE,
-0.616134611,0.267132385,0.071331507,0.968888801,0,0,0,-1.190127456,-0.139398632,0,FALSE,
-0.547859104,0.24047768,-0.12388779,0.986425911,0,0,0,-1.179676177,0.016816959,1,FALSE,
-0.732001661,0.06898838,0.199546253,0.979520736,0,0,0,-1.361364509,-0.150491772,0,FALSE,
-0.79094328,0.031808096,0.038096152,0.999238396,0,0,0,-1.361364509,-0.150491772,0,FALSE,
-0.79094328,0.031808096,0.038096152,0.999238396,0,0,0,-1.361364509,-0.150491772,0,FALSE,
-0.757911504,0.225119266,0.103251367,0.943008773,0,0,0,-1.409175003,-0.264440925,0,FALSE,
-0.771406405,0.144802116,0.101774105,0.938955877,0,0,0,-1.404870883,-0.25698635,1,FALSE,
-0.771506026,0.159161786,0.084093215,0.958707257,0,0,0,-1.391723042,-0.25057618,0,FALSE,
-0.771506026,0.159161786,0.084093215,0.958707257,0,0,0,-1.391723042,-0.25057618,0,FALSE,
-0.766819654,0.303531712,0.065440166,0.993666602,0,0,0,-1.39811327,-0.002239581,1,FALSE,
-0.734261177,0.377057253,0.074611628,0.986968187,0,0,0,-1.335277996,-0.014812294,0,FALSE,
-0.624553494,0.325316494,0.316464596,0.941458397,0,0,0,-1.145615262,-0.003350473,1,FALSE,
-0.604765121,0.242934081,0.370093638,0.926064407,0,0,0,-1.081882575,0.021572892,1,FALSE,
-0.608523495,0.258641132,0.380219277,0.921457039,0,0,0,-1.069325694,0.005335393,1,FALSE,
-0.600949971,0.350206145,0.353620588,0.924784671,0,0,0,-1.086193497,-0.041048704,1,FALSE,
-0.635135125,0.403556818,0.233305283,0.9465392,0,0,0,-1.290575201,-0.098128143,0,FALSE,
-0.63048981,0.447849922,0.147823777,0.938961213,0,0,0,-1.372514198,-0.084570952,1,FALSE,
-0.669382423,-0.155432311,0.334453138,0.91312078,0,0,0,-1.178560893,0.301220122,1,FALSE,
-0.669382423,-0.155432311,0.334453138,0.91312078,0,0,0,-1.364338562,0.335502663,1,FALSE,
-0.542576958,-0.383343242,0.311380671,0.884195285,0,0,0,-1.155613128,0.264541803,1,FALSE,
-0.8315121,0.122015817,0.123495832,0.984340331,0,0,0,-1.52877125,-0.007600583,0,FALSE,
-0.918897095,0.160536014,0.128707319,0.976044151,0,0,0,-1.503961683,-0.025392294,0,FALSE,
0.763259456,-0.032554133,-0.215827902,0.967674358,0,0,0,-1.503961683,-0.025392294,0,FALSE,
0.639254815,-0.053447386,-0.250194094,0.95765007,0,0,0,-0.537752508,0.063878863,0,FALSE,
0.639254815,-0.053447386,-0.250194094,0.95765007,0,0,0,-0.537752508,0.063878863,1,FALSE,
0.370506046,-0.347496132,-0.2573391,0.950844243,0,0,0,-0.61756672,0.055045753,0,FALSE,
0.370506046,-0.347496132,-0.2573391,0.950844243,0,0,0,-0.602033613,0.056060371,0,FALSE,
-0.779035838,0.281878915,0.252578602,0.927351121,0,0,0,-1.420427283,-0.118163571,0,FALSE,
-0.779035838,0.281878915,0.252578602,0.927351121,0,0,0,-1.420427283,-0.118163571,0,FALSE,
0.530793305,0.031288358,0.049839165,0.980257192,0,0,0,1.275406532,0.127299662,0,FALSE,
0.622257722,0.116144821,0.027669124,0.982942763,0,0,0,1.339923378,0.175292235,0,FALSE,
0.557269458,0.053110419,0.069541706,0.997178294,0,0,0,1.332897709,0.314391195,0,FALSE,
0.479155871,0.020218319,0.100919059,0.994618177,0,0,0,1.280569448,0.343689871,0,FALSE,
0.479155871,0.020218319,0.100919059,0.994618177,0,0,0,1.280569448,0.343689871,,FALSE,
0.479155871,0.020218319,0.100919059,0.994618177,0,0,0,1.280569448,0.343689871,,FALSE,
-0.739157478,-0.077940241,0.161097905,0.97913286,0,0,0,-1.096104517,0.016234276,0,FALSE,
-0.739157478,-0.077940241,0.161097905,0.97913286,0,0,0,-1.096104517,0.016234276,1,FALSE,
-0.637913455,-0.348260904,0.059080894,0.751723672,0,0,0,-0.821399532,0.513381673,,FALSE,
0.702012361,-0.151586666,-0.060479697,0.987884134,0,0,0,1.202336311,0.051597067,0,FALSE,
0.698117929,-0.156254657,-0.041579279,0.990153708,0,0,0,1.325251794,-0.0309711,0,FALSE,
0.656083445,-0.039911737,-0.160517971,0.983594044,0,0,0,1.091842996,0.519363945,0,FALSE,
0.652936213,-0.061935097,-0.144449501,0.977891618,0,0,0,1.102548824,0.42629647,0,FALSE,
0.663584128,-0.134846236,-0.06133733,0.986355812,0,0,0,1.52356064,-0.019499701,0,FALSE,
0.651316715,-0.089325714,-0.046093561,0.991531934,0,0,0,1.52356064,-0.019499701,1,FALSE,
0.727230619,-0.08792034,-0.014652062,0.991391884,0,0,0,1.52356064,-0.019499701,0,FALSE,
0.686276376,-0.077826423,-0.033037082,0.989662476,0,0,0,1.37917841,0.031317046,0,FALSE,
0.708826232,-0.117270704,-0.186880076,0.968053938,0,0,0,1.249213722,-0.010455433,0,FALSE,
0.637944566,-0.103052929,-0.250325568,0.961338852,0,0,0,1.351036359,-0.029047017,0,TRUE,
0.629787775,-0.06324731,-0.211507089,0.967581385,0,0,0,1.351036359,-0.029047017,0,TRUE,
0.613102237,-0.099831641,-0.194820026,0.964147608,0,0,0,1.351036359,-0.029047017,,TRUE,
0.613102237,-0.099831641,-0.194820026,0.964147608,0,0,0,1.351036359,-0.029047017,,TRUE,
-0.692957013,-0.167621964,0.175509815,0.945098356,0,0,0,-1.456971819,-0.005963537,0,TRUE,
-0.770134903,-0.127759716,0.045182627,0.969524125,0,0,0,-1.453549682,-0.031580109,0,TRUE,
-0.782019282,-0.044580756,0.136601121,0.975888115,0,0,0,-1.397217152,0.033552859,0,TRUE,
-0.758986192,0.037639919,0.111552507,0.978693051,0,0,0,-1.439469319,0.050785246,0,TRUE,
0.724706213,-0.015843382,-0.023303671,0.9879945,0,0,0,1.507700093,0.017145981,0,TRUE,
0.718185817,-0.036825281,-0.006437267,0.990751235,0,0,0,1.494327493,0.001412204,0,TRUE,
0.699857645,-0.051015202,0.007397457,0.982955978,0,0,0,1.488502665,-0.026198499,0,TRUE,
0.678187433,-0.040465636,0.01255388,0.984616334,0,0,0,1.494007791,-0.062814609,0,TRUE,
0.791779501,0.077689435,0.100952679,0.973450133,0,0,0,1.470257399,-0.031075015,0,TRUE,
0.766191077,0.177044609,0.104882057,0.973557916,0,0,0,1.470257399,-0.031075015,0,TRUE,
1.539679908,0.132478746,-0.127576564,0.976834291,0,0,0,1.470257399,-0.031075015,0,TRUE,
1.539679908,0.132478746,-0.127576564,0.976834291,0,0,0,1.470257399,-0.031075015,,TRUE,
1.539679908,0.132478746,-0.127576564,0.976834291,0,0,0,1.470257399,-0.031075015,,TRUE,
-1.235063304,0.510564564,0.391425237,0.904735997,0,0,0,-0.558367339,-0.147429727,0,TRUE,
1.151643078,-0.381195863,-0.305560833,0.93387431,0,0,0,0.627419186,0.284119142,1,TRUE,
1.483691006,-0.235837659,-0.32403169,0.938430302,0,0,0,0.76955249,0.017903962,1,TRUE,
1.306619305,-0.40505805,-0.378170612,0.902709343,0,0,0,0.779175336,-0.339686072,0,TRUE,
1.306619305,-0.40505805,-0.378170612,0.902709343,0,0,0,0.779175336,-0.339686072,0,TRUE,
0.922786128,-0.548690913,-0.095193703,0.976487975,0,0,0,0.779175336,-0.339686072,0,TRUE,
0.922786128,-0.548690913,-0.095193703,0.976487975,0,0,0,0.779175336,-0.339686072,0,TRUE,
1.269671364,-0.399970062,0.033424864,0.981507891,0,0,0,0.779175336,-0.339686072,0,TRUE,
1.269671364,-0.399970062,0.033424864,0.981507891,0,0,0,0.779175336,-0.339686072,0,TRUE,
1.249780996,-0.283348596,0.116302186,0.981980573,0,0,0,0.724357113,0.046923534,1,TRUE,
